{"lr": 0.0001, "data_time": 0.31406736373901367, "loss": 4.755159854888916, "decode.loss_ce": 1.1044201850891113, "decode.loss_dice": 1.265608787536621, "decode.acc_seg": 49.021148681640625, "aux.loss_ce": 1.1086907386779785, "aux.loss_dice": 1.2764400243759155, "aux.acc_seg": 31.778335571289062, "time": 6.623060464859009, "iter": 1, "memory": 5368, "step": 1}
{"lr": 0.0001, "data_time": 1.8917694091796875, "loss": 4.765429735183716, "decode.loss_ce": 1.1080060601234436, "decode.loss_dice": 1.2648638486862183, "decode.acc_seg": 54.16984558105469, "aux.loss_ce": 1.1154483556747437, "aux.loss_dice": 1.2771114706993103, "aux.acc_seg": 38.91754150390625, "time": 7.422250747680664, "iter": 2, "memory": 2531, "step": 2}
{"lr": 0.0001, "data_time": 1.7197939554850261, "loss": 4.763992468516032, "decode.loss_ce": 1.1069519917170207, "decode.loss_dice": 1.2647486527760823, "decode.acc_seg": 55.706024169921875, "aux.loss_ce": 1.1159634192784627, "aux.loss_dice": 1.2763283650080364, "aux.acc_seg": 41.8609619140625, "time": 6.986214478810628, "iter": 3, "memory": 2531, "step": 3}
{"lr": 0.0001, "data_time": 1.625268280506134, "loss": 4.74797785282135, "decode.loss_ce": 1.101896196603775, "decode.loss_dice": 1.26284658908844, "decode.acc_seg": 60.584259033203125, "aux.loss_ce": 1.1083361506462097, "aux.loss_dice": 1.2748987972736359, "aux.acc_seg": 36.81449890136719, "time": 6.696067214012146, "iter": 4, "memory": 2531, "step": 4}
{"lr": 0.0001, "data_time": 1.7868306636810303, "loss": 4.738316249847412, "decode.loss_ce": 1.101287341117859, "decode.loss_dice": 1.2619168758392334, "decode.acc_seg": 64.33372497558594, "aux.loss_ce": 1.103563666343689, "aux.loss_dice": 1.2715482711791992, "aux.acc_seg": 63.90228271484375, "time": 6.763658809661865, "iter": 5, "memory": 2531, "step": 5}
{"lr": 0.0001, "data_time": 1.8527614672978718, "loss": 4.7300953070322675, "decode.loss_ce": 1.0987282792727153, "decode.loss_dice": 1.259993076324463, "decode.acc_seg": 71.23947143554688, "aux.loss_ce": 1.1018250187238057, "aux.loss_dice": 1.269548813501994, "aux.acc_seg": 59.59510803222656, "time": 6.8306368589401245, "iter": 6, "memory": 2531, "step": 6}
