{"lr": 0.001, "data_time": 0.24452948570251465, "loss": 4.755160331726074, "decode.loss_ce": 1.1044203042984009, "decode.loss_dice": 1.2656089067459106, "decode.acc_seg": 49.02191162109375, "aux.loss_ce": 1.1086912155151367, "aux.loss_dice": 1.276440143585205, "aux.acc_seg": 31.783676147460938, "time": 6.446555137634277, "iter": 1, "memory": 3245, "step": 1}
{"lr": 0.001, "data_time": 0.7174257040023804, "loss": 4.748095512390137, "decode.loss_ce": 1.1092950105667114, "decode.loss_dice": 1.256678283214569, "decode.acc_seg": 76.58958435058594, "aux.loss_ce": 1.1123052835464478, "aux.loss_dice": 1.2698169946670532, "aux.acc_seg": 59.72900390625, "time": 6.0485944747924805, "iter": 2, "memory": 2532, "step": 2}
{"lr": 0.001, "data_time": 0.9284762541453043, "loss": 4.72416337331136, "decode.loss_ce": 1.1036293506622314, "decode.loss_dice": 1.2472870747248332, "decode.acc_seg": 80.52978515625, "aux.loss_ce": 1.110763708750407, "aux.loss_dice": 1.2624833583831787, "aux.acc_seg": 65.76690673828125, "time": 6.087865988413493, "iter": 3, "memory": 2531, "step": 3}
{"lr": 0.001, "data_time": 2.0339945554733276, "loss": 4.69265079498291, "decode.loss_ce": 1.0976352393627167, "decode.loss_dice": 1.2367701530456543, "decode.acc_seg": 91.78924560546875, "aux.loss_ce": 1.104601114988327, "aux.loss_dice": 1.253644347190857, "aux.acc_seg": 85.71548461914062, "time": 7.138572633266449, "iter": 4, "memory": 2531, "step": 4}
{"lr": 0.001, "data_time": 1.882912826538086, "loss": 4.675909996032715, "decode.loss_ce": 1.0988442659378053, "decode.loss_dice": 1.2267831087112426, "decode.acc_seg": 89.92233276367188, "aux.loss_ce": 1.1077364683151245, "aux.loss_dice": 1.2425462245941161, "aux.acc_seg": 82.71446228027344, "time": 6.985265016555786, "iter": 5, "memory": 2531, "step": 5}
{"lr": 0.001, "data_time": 1.7847208976745605, "loss": 4.639903386433919, "decode.loss_ce": 1.0919783512751262, "decode.loss_dice": 1.2146938840548198, "decode.acc_seg": 90.65437316894531, "aux.loss_ce": 1.1023026704788208, "aux.loss_dice": 1.2309285799662273, "aux.acc_seg": 85.68572998046875, "time": 6.801667054494222, "iter": 6, "memory": 2531, "step": 6}
{"lr": 0.001, "data_time": 1.6689420086996896, "loss": 4.6181473050798685, "decode.loss_ce": 1.0886752264840263, "decode.loss_dice": 1.2044450044631958, "decode.acc_seg": 90.03562927246094, "aux.loss_ce": 1.1028841393334525, "aux.loss_dice": 1.2221430710383825, "aux.acc_seg": 87.14103698730469, "time": 6.647439139229911, "iter": 7, "memory": 2531, "step": 7}
{"lr": 0.001, "data_time": 1.738745391368866, "loss": 4.579349040985107, "decode.loss_ce": 1.0803516209125519, "decode.loss_dice": 1.1923722624778748, "decode.acc_seg": 95.83549499511719, "aux.loss_ce": 1.0957027077674866, "aux.loss_dice": 1.2109225392341614, "aux.acc_seg": 93.18046569824219, "time": 6.63210666179657, "iter": 8, "memory": 2531, "step": 8}
{"lr": 0.001, "data_time": 1.7964063220553927, "loss": 4.572995132870144, "decode.loss_ce": 1.0866623454623752, "decode.loss_dice": 1.183413479063246, "decode.acc_seg": 90.22407531738281, "aux.loss_ce": 1.1014792654249403, "aux.loss_dice": 1.201440109146966, "aux.acc_seg": 89.07203674316406, "time": 6.669788916905721, "iter": 9, "memory": 2531, "step": 9}
{"lr": 0.001, "data_time": 1.877445387840271, "loss": 4.529489421844483, "decode.loss_ce": 1.076267272233963, "decode.loss_dice": 1.172628676891327, "decode.acc_seg": 95.2728271484375, "aux.loss_ce": 1.0904395520687102, "aux.loss_dice": 1.190153968334198, "aux.acc_seg": 94.13490295410156, "time": 6.693905186653137, "iter": 10, "memory": 2531, "step": 10}
