{"lr": 0.0002, "data_time": 0.2027430534362793, "loss": 4.752800941467285, "decode.loss_ce": 1.1033000946044922, "decode.loss_dice": 1.264763593673706, "decode.acc_seg": 50.49571990966797, "aux.loss_ce": 1.1087533235549927, "aux.loss_dice": 1.2759836912155151, "aux.acc_seg": 33.902740478515625, "time": 7.336005449295044, "iter": 1, "memory": 6232, "step": 1}
{"lr": 0.0002, "data_time": 0.8103886842727661, "loss": 4.748310565948486, "decode.loss_ce": 1.1043391227722168, "decode.loss_dice": 1.2629369497299194, "decode.acc_seg": 61.774635314941406, "aux.loss_ce": 1.1076956987380981, "aux.loss_dice": 1.2733388543128967, "aux.acc_seg": 41.083335876464844, "time": 6.79191517829895, "iter": 2, "memory": 4720, "step": 2}
{"lr": 0.0002, "data_time": 0.9135099252065023, "loss": 4.735963026682536, "decode.loss_ce": 1.1012583176294963, "decode.loss_dice": 1.2604111433029175, "decode.acc_seg": 67.7450180053711, "aux.loss_ce": 1.103469689687093, "aux.loss_dice": 1.2708239157994587, "aux.acc_seg": 45.430946350097656, "time": 6.5144147872924805, "iter": 3, "memory": 4720, "step": 3}
{"lr": 0.0002, "data_time": 0.9777644276618958, "loss": 4.727537274360657, "decode.loss_ce": 1.0995763540267944, "decode.loss_dice": 1.2576154172420502, "decode.acc_seg": 73.43826293945312, "aux.loss_ce": 1.1016330122947693, "aux.loss_dice": 1.26871258020401, "aux.acc_seg": 47.327423095703125, "time": 6.386964678764343, "iter": 4, "memory": 4720, "step": 4}
{"lr": 0.0002, "data_time": 1.78333477973938, "loss": 4.714244174957275, "decode.loss_ce": 1.0970616579055785, "decode.loss_dice": 1.2552388429641723, "decode.acc_seg": 76.4617919921875, "aux.loss_ce": 1.097113013267517, "aux.loss_dice": 1.2648307800292968, "aux.acc_seg": 61.47480010986328, "time": 7.099173307418823, "iter": 5, "memory": 4720, "step": 5}
{"lr": 0.0002, "data_time": 1.7059921026229858, "loss": 4.70813775062561, "decode.loss_ce": 1.0969897309939067, "decode.loss_dice": 1.2524865865707397, "decode.acc_seg": 78.90071868896484, "aux.loss_ce": 1.0968317588170369, "aux.loss_dice": 1.2618297338485718, "aux.acc_seg": 56.91413879394531, "time": 6.971169471740723, "iter": 6, "memory": 4720, "step": 6}
{"lr": 0.0002, "data_time": 2.179614680153983, "loss": 4.706174441746303, "decode.loss_ce": 1.0981748955590385, "decode.loss_dice": 1.251589570726667, "decode.acc_seg": 69.20909881591797, "aux.loss_ce": 1.096046311514718, "aux.loss_dice": 1.2603637150355749, "aux.acc_seg": 55.24864196777344, "time": 7.375849996294294, "iter": 7, "memory": 4720, "step": 7}
{"lr": 0.0002, "data_time": 2.0504637360572815, "loss": 4.699240565299988, "decode.loss_ce": 1.0970363914966583, "decode.loss_dice": 1.2488110959529877, "decode.acc_seg": 84.35382843017578, "aux.loss_ce": 1.0959525257349014, "aux.loss_dice": 1.257440596818924, "aux.acc_seg": 70.36418914794922, "time": 7.184105187654495, "iter": 8, "memory": 4720, "step": 8}
