{"lr": 0.0001, "data_time": 0.15784692764282227, "loss": 4.752800464630127, "decode.loss_ce": 1.1033000946044922, "decode.loss_dice": 1.264763593673706, "decode.acc_seg": 50.49571990966797, "aux.loss_ce": 1.1087532043457031, "aux.loss_dice": 1.2759836912155151, "aux.acc_seg": 33.902740478515625, "time": 7.3705894947052, "iter": 1, "memory": 6232, "step": 1}
{"lr": 0.0001, "data_time": 0.7691380977630615, "loss": 4.750960111618042, "decode.loss_ce": 1.104549527168274, "decode.loss_dice": 1.2640517950057983, "decode.acc_seg": 58.625221252441406, "aux.loss_ce": 1.107917070388794, "aux.loss_dice": 1.27444189786911, "aux.acc_seg": 37.54291534423828, "time": 7.19024395942688, "iter": 2, "memory": 4720, "step": 2}
{"lr": 0.0001, "data_time": 0.9137469132741293, "loss": 4.741228421529134, "decode.loss_ce": 1.1015901962916057, "decode.loss_dice": 1.2625494798024495, "decode.acc_seg": 61.339378356933594, "aux.loss_ce": 1.104145089785258, "aux.loss_dice": 1.2729437748591106, "aux.acc_seg": 41.87183380126953, "time": 6.935925881067912, "iter": 3, "memory": 4720, "step": 3}
{"lr": 0.0001, "data_time": 1.0089784860610962, "loss": 4.735108971595764, "decode.loss_ce": 1.100411593914032, "decode.loss_dice": 1.2607042491436005, "decode.acc_seg": 65.78617095947266, "aux.loss_ce": 1.1018677353858948, "aux.loss_dice": 1.2721254527568817, "aux.acc_seg": 40.433311462402344, "time": 6.875039219856262, "iter": 4, "memory": 4720, "step": 4}
{"lr": 0.0001, "data_time": 2.225181150436401, "loss": 4.725707149505615, "decode.loss_ce": 1.0984353303909302, "decode.loss_dice": 1.2595008611679077, "decode.acc_seg": 65.52238464355469, "aux.loss_ce": 1.0982977628707886, "aux.loss_dice": 1.2694732666015625, "aux.acc_seg": 55.68866729736328, "time": 7.832425451278686, "iter": 5, "memory": 4720, "step": 5}
{"lr": 0.0001, "data_time": 2.064048687616984, "loss": 4.721998691558838, "decode.loss_ce": 1.098271369934082, "decode.loss_dice": 1.257919689019521, "decode.acc_seg": 72.86396026611328, "aux.loss_ce": 1.0979365507761638, "aux.loss_dice": 1.2678711613019307, "aux.acc_seg": 48.01673889160156, "time": 7.571866790453593, "iter": 6, "memory": 4720, "step": 6}
{"lr": 0.0001, "data_time": 2.2671840531485423, "loss": 4.719186782836914, "decode.loss_ce": 1.0984655278069633, "decode.loss_dice": 1.2579086848667689, "decode.acc_seg": 60.19763946533203, "aux.loss_ce": 1.0957582337515694, "aux.loss_dice": 1.2670544045312064, "aux.acc_seg": 49.714088439941406, "time": 7.748448746544974, "iter": 7, "memory": 4720, "step": 7}
{"lr": 0.0001, "data_time": 2.141620934009552, "loss": 4.715902209281921, "decode.loss_ce": 1.0974745452404022, "decode.loss_dice": 1.2563179433345795, "decode.acc_seg": 74.35188293457031, "aux.loss_ce": 1.096539780497551, "aux.loss_dice": 1.2655699700117111, "aux.acc_seg": 58.562469482421875, "time": 7.573603838682175, "iter": 8, "memory": 4720, "step": 8}
{"lr": 0.0001, "data_time": 2.287995364930895, "loss": 4.7137406667073565, "decode.loss_ce": 1.0973293913735285, "decode.loss_dice": 1.2556829187605116, "decode.acc_seg": 66.8121337890625, "aux.loss_ce": 1.096015903684828, "aux.loss_dice": 1.264712479379442, "aux.acc_seg": 55.73005676269531, "time": 7.693972216712104, "iter": 9, "memory": 4720, "step": 9}
{"lr": 0.0001, "data_time": 2.4144794940948486, "loss": 4.7105920791625975, "decode.loss_ce": 1.0964605212211609, "decode.loss_dice": 1.2546410083770752, "decode.acc_seg": 72.35240936279297, "aux.loss_ce": 1.095782220363617, "aux.loss_dice": 1.2637083530426025, "aux.acc_seg": 53.99742126464844, "time": 7.830176210403442, "iter": 10, "memory": 4720, "step": 10}
{"lr": 0.0001, "data_time": 2.7454520225524903, "loss": 4.7000562191009525, "decode.loss_ce": 1.0945815563201904, "decode.loss_dice": 1.252029013633728, "decode.acc_seg": 78.27701568603516, "aux.loss_ce": 1.0925089359283446, "aux.loss_dice": 1.2609367489814758, "aux.acc_seg": 55.65929412841797, "time": 7.961312580108642, "iter": 11, "memory": 4720, "step": 11}
{"lr": 0.0001, "data_time": 2.9554393768310545, "loss": 4.68990306854248, "decode.loss_ce": 1.0930879831314086, "decode.loss_dice": 1.2494280576705932, "decode.acc_seg": 76.70211791992188, "aux.loss_ce": 1.089526319503784, "aux.loss_dice": 1.2578607082366944, "aux.acc_seg": 62.989044189453125, "time": 8.10152895450592, "iter": 12, "memory": 4720, "step": 12}
{"lr": 0.0001, "data_time": 3.1534880638122558, "loss": 4.686964416503907, "decode.loss_ce": 1.093041753768921, "decode.loss_dice": 1.2472635984420777, "decode.acc_seg": 78.24249267578125, "aux.loss_ce": 1.090661382675171, "aux.loss_dice": 1.2559977173805237, "aux.acc_seg": 53.838157653808594, "time": 8.326436114311218, "iter": 13, "memory": 4720, "step": 13}
{"lr": 0.0001, "data_time": 3.3758386850357054, "loss": 4.67970986366272, "decode.loss_ce": 1.0917229652404785, "decode.loss_dice": 1.2447089314460755, "decode.acc_seg": 80.3213119506836, "aux.loss_ce": 1.0896271109580993, "aux.loss_dice": 1.25365092754364, "aux.acc_seg": 51.630210876464844, "time": 8.500420761108398, "iter": 14, "memory": 4720, "step": 14}
{"lr": 0.0001, "data_time": 3.010392761230469, "loss": 4.676362657546997, "decode.loss_ce": 1.0926477313041687, "decode.loss_dice": 1.2430153489112854, "decode.acc_seg": 77.87208557128906, "aux.loss_ce": 1.0884411215782166, "aux.loss_dice": 1.2522585272789002, "aux.acc_seg": 56.83021545410156, "time": 8.198172473907471, "iter": 15, "memory": 4720, "step": 15}
{"lr": 0.0001, "data_time": 3.2123656988143923, "loss": 4.668933010101318, "decode.loss_ce": 1.0908056020736694, "decode.loss_dice": 1.2410550951957702, "decode.acc_seg": 80.2957534790039, "aux.loss_ce": 1.087071669101715, "aux.loss_dice": 1.2500007152557373, "aux.acc_seg": 62.599754333496094, "time": 8.38859543800354, "iter": 16, "memory": 4720, "step": 16}
{"lr": 0.0001, "data_time": 3.2063600063323974, "loss": 4.657834577560425, "decode.loss_ce": 1.0880850076675415, "decode.loss_dice": 1.2379449367523194, "decode.acc_seg": 81.72760009765625, "aux.loss_ce": 1.0847338914871216, "aux.loss_dice": 1.247070813179016, "aux.acc_seg": 64.51072692871094, "time": 8.384233760833741, "iter": 17, "memory": 4720, "step": 17}
{"lr": 0.0001, "data_time": 3.4424511671066282, "loss": 4.646614027023316, "decode.loss_ce": 1.086220908164978, "decode.loss_dice": 1.2350921392440797, "decode.acc_seg": 89.2404556274414, "aux.loss_ce": 1.0805397629737854, "aux.loss_dice": 1.244761300086975, "aux.acc_seg": 64.29100036621094, "time": 8.629712653160095, "iter": 18, "memory": 4720, "step": 18}
{"lr": 0.0001, "data_time": 3.425962543487549, "loss": 4.638855028152466, "decode.loss_ce": 1.0852386236190796, "decode.loss_dice": 1.232363724708557, "decode.acc_seg": 80.74932098388672, "aux.loss_ce": 1.0793033838272095, "aux.loss_dice": 1.2419493675231934, "aux.acc_seg": 57.71484375, "time": 8.574908447265624, "iter": 19, "memory": 4720, "step": 19}
{"lr": 0.0001, "data_time": 3.3752061128616333, "loss": 4.634975242614746, "decode.loss_ce": 1.0864177346229553, "decode.loss_dice": 1.2304016828536988, "decode.acc_seg": 79.2776107788086, "aux.loss_ce": 1.078295361995697, "aux.loss_dice": 1.2398605465888977, "aux.acc_seg": 60.30540466308594, "time": 8.436514568328857, "iter": 20, "memory": 4720, "step": 20}
{"lr": 0.0001, "data_time": 3.3418247938156127, "loss": 4.630661296844482, "decode.loss_ce": 1.086721384525299, "decode.loss_dice": 1.2286654233932495, "decode.acc_seg": 78.89461517333984, "aux.loss_ce": 1.0775152444839478, "aux.loss_dice": 1.237759292125702, "aux.acc_seg": 59.26036834716797, "time": 8.373979544639587, "iter": 21, "memory": 4720, "step": 21}
{"lr": 0.0001, "data_time": 3.3046480894088743, "loss": 4.630213642120362, "decode.loss_ce": 1.0872278213500977, "decode.loss_dice": 1.226137351989746, "decode.acc_seg": 83.9487075805664, "aux.loss_ce": 1.0802713990211488, "aux.loss_dice": 1.2365771293640138, "aux.acc_seg": 56.737518310546875, "time": 8.302612376213073, "iter": 22, "memory": 4720, "step": 22}
{"lr": 0.0001, "data_time": 3.2945218324661254,